Epoch,Train Loss,mAP
1,0.5770994126796722,0.3447467876039305
2,0.3813182294368744,0.36166383219954645
