Epoch,Train Loss,mAP
1,0.7135094702243805,0.39166666666666666
2,0.5467245280742645,0.4333333333333333
