Epoch,Train Loss,mAP
1,0.47010585367679597,0.18049914822313445
2,0.27208121716976164,0.17933052206253144
