Epoch,Train Loss,mAP
1,0.6938364207744598,0.4333333333333333
2,0.5112449377775192,0.5583333333333333
